{
  "timestamp": "2026-06-19 08:46:16",
  "regime_id": 4,
  "regime_name": "High-Vol Bearish/Crisis",
  "confidence": 0.5912330746650696,
  "transition_probability": 0.40873822569847107,
  "changepoint_probability": 0.017115223129296073,
  "is_transition_alert": true,
  "all_probabilities": {
    "Low-Vol Bullish": 1.918258476507617e-06,
    "High-Vol Bullish": 5.7942520470533054e-06,
    "Ranging": 5.6858239076973405e-06,
    "Low-Vol Bearish": 1.5318073565140367e-05,
    "High-Vol Bearish/Crisis": 0.5912330746650696
  }
}